{"stats":{"minecraft:used":{"minecraft:cut_copper_stairs":8,"minecraft:bucket":32,"minecraft:water_bucket":11,"minecraft:oak_planks":34,"minecraft:quartz_block":48,"minecraft:bamboo_planks":12,"minecraft:milk_bucket":1},"minecraft:picked_up":{"minecraft:wheat_seeds":3},"minecraft:mined":{"minecraft:birch_leaves":2},"minecraft:custom":{"minecraft:jump":84,"minecraft:time_since_rest":57851,"minecraft:crouch_one_cm":270,"minecraft:leave_game":4,"minecraft:sprint_one_cm":8157,"minecraft:play_time":57851,"minecraft:time_since_death":57851,"minecraft:walk_on_water_one_cm":5455,"minecraft:walk_one_cm":36229,"minecraft:sneak_time":278,"minecraft:total_world_time":57851,"minecraft:walk_under_water_one_cm":10344,"minecraft:swim_one_cm":49,"minecraft:fly_one_cm":232032}},"DataVersion":3465}