{"stats":{"minecraft:mined":{"minecraft:birch_leaves":2,"minecraft:cyan_carpet":2,"minecraft:orange_carpet":1},"minecraft:killed":{"minecraft:salmon":3,"minecraft:slime":4},"minecraft:used":{"minecraft:light_blue_carpet":185,"minecraft:trident":3,"minecraft:wooden_axe":5,"minecraft:water_bucket":11,"minecraft:lime_carpet":382,"minecraft:oak_planks":34,"minecraft:cyan_carpet":204,"minecraft:quartz_block":56,"minecraft:cut_copper_stairs":8,"minecraft:blue_carpet":114,"minecraft:red_carpet":305,"minecraft:glowstone":37,"minecraft:orange_carpet":166,"minecraft:bow":5,"minecraft:tnt":2,"minecraft:bucket":32,"minecraft:yellow_carpet":130,"minecraft:bamboo_planks":12,"minecraft:milk_bucket":1},"minecraft:picked_up":{"minecraft:salmon":3,"minecraft:orange_carpet":5,"minecraft:red_carpet":2,"minecraft:lime_carpet":6,"minecraft:cyan_carpet":4,"minecraft:yellow_carpet":2,"minecraft:wheat_seeds":3,"minecraft:light_blue_carpet":4},"minecraft:custom":{"minecraft:time_since_rest":113797,"minecraft:sprint_one_cm":49422,"minecraft:damage_taken":120,"minecraft:walk_one_cm":227958,"minecraft:mob_kills":7,"minecraft:damage_dealt":231,"minecraft:swim_one_cm":5358,"minecraft:fly_one_cm":339917,"minecraft:crouch_one_cm":3036,"minecraft:play_time":113797,"minecraft:sneak_time":1766,"minecraft:walk_under_water_one_cm":12439,"minecraft:jump":199,"minecraft:time_since_death":113797,"minecraft:leave_game":8,"minecraft:walk_on_water_one_cm":8935,"minecraft:total_world_time":113797,"minecraft:fall_one_cm":3123}},"DataVersion":3465}