{"stats":{"minecraft:picked_up":{"minecraft:sandstone":12,"minecraft:hay_block":11,"minecraft:sand":3,"minecraft:oak_log":4,"minecraft:yellow_bed":1,"minecraft:cobblestone":4},"minecraft:used":{"minecraft:crafting_table":2,"minecraft:bread":6,"minecraft:wooden_pickaxe":17,"minecraft:sandstone":1,"minecraft:wooden_shovel":2},"minecraft:crafted":{"minecraft:oak_planks":16,"minecraft:wooden_shovel":1,"minecraft:crafting_table":2,"minecraft:stick":8,"minecraft:bread":12,"minecraft:wooden_pickaxe":1,"minecraft:wheat":99},"minecraft:custom":{"minecraft:open_chest":4,"minecraft:time_since_rest":8769,"minecraft:crouch_one_cm":1971,"minecraft:play_time":8769,"minecraft:sprint_one_cm":7000,"minecraft:damage_taken":320,"minecraft:walk_one_cm":8565,"minecraft:sneak_time":1260,"minecraft:walk_under_water_one_cm":18107,"minecraft:drop":2,"minecraft:jump":112,"minecraft:damage_dealt":27,"minecraft:leave_game":2,"minecraft:time_since_death":8769,"minecraft:walk_on_water_one_cm":7688,"minecraft:total_world_time":8769,"minecraft:swim_one_cm":18694,"minecraft:interact_with_crafting_table":2,"minecraft:fall_one_cm":7428,"minecraft:fly_one_cm":33536},"minecraft:mined":{"minecraft:hay_block":11,"minecraft:grass":1,"minecraft:oak_log":4,"minecraft:sand":3,"minecraft:stone":4,"minecraft:sandstone":12,"minecraft:yellow_bed":1},"minecraft:dropped":{"minecraft:filled_map":2}},"DataVersion":3465}