{"stats":{"minecraft:killed":{"minecraft:horse":1,"minecraft:skeleton":7,"minecraft:chicken":1,"minecraft:piglin_brute":2,"minecraft:iron_golem":2,"minecraft:sheep":2,"minecraft:zombie":1,"iceandfire:ghost":2,"minecraft:stray":4,"minecraft:wither_skeleton":5,"minecraft:enderman":1,"minecraft:blaze":1},"minecraft:broken":{"minecraft:golden_helmet":1,"minecraft:chainmail_leggings":1,"minecraft:iron_boots":1,"minecraft:iron_chestplate":1,"minecraft:stone_pickaxe":1,"minecraft:golden_sword":1,"minecraft:iron_helmet":1,"minecraft:golden_chestplate":1},"minecraft:picked_up":{"minecraft:crafting_table":4,"iceandfire:witherbone":3,"minecraft:stripped_warped_hyphae":2,"minecraft:splash_potion":1,"minecraft:chicken":1,"iceandfire:pixie_house_oak":1,"minecraft:gold_block":1,"minecraft:warped_stairs":1,"minecraft:smooth_stone_slab":1,"minecraft:red_nether_bricks":1,"minecraft:cracked_stone_bricks":6,"minecraft:gold_nugget":124,"minecraft:spruce_planks":3,"minecraft:cyan_wool":5,"minecraft:poppy":2,"biomesoplenty:rose_quartz_block":2,"iceandfire:pixie_dust":2,"bygonenether:cobbled_blackstone":21,"minecraft:spruce_stairs":1,"minecraft:polished_blackstone_bricks":26,"minecraft:dark_oak_planks":2,"minecraft:arrow":6,"minecraft:rotten_flesh":1,"minecraft:cooked_cod":2,"biomesoplenty:rose_quartz_chunk":1,"minecraft:nether_bricks":1,"minecraft:saddle":1,"minecraft:blaze_rod":1,"minecraft:mutton":3,"minecraft:skeleton_skull":1,"minecraft:white_wool":1,"minecraft:cobblestone":7,"minecraft:basalt":1,"minecraft:brown_wool":1,"minecraft:jungle_fence":1,"minecraft:smoker":1,"minecraft:acacia_wood":13,"minecraft:cobblestone_stairs":1,"minecraft:dirt":12,"minecraft:bone":4,"minecraft:stone_bricks":10,"minecraft:wheat_seeds":8,"minecraft:iron_ingot":17,"minecraft:stone_pickaxe":1,"minecraft:mossy_stone_bricks":3,"minecraft:oak_planks":1,"minecraft:cracked_nether_bricks":1,"minecraft:gravel":1,"minecraft:jungle_planks":1,"minecraft:cyan_bed":2,"minecraft:leather_helmet":1,"minecraft:spectral_arrow":10,"minecraft:dark_prismarine":7,"minecraft:oak_wood":2,"biomesoplenty:maple_sapling":1,"minecraft:cracked_polished_blackstone_bricks":8,"minecraft:bread":21,"iceandfire:gorgon_head":1,"biomesoplenty:pink_daffodil":1,"minecraft:netherrack":138,"iceandfire:silver_nugget":34,"minecraft:coal":1,"iceandfire:raw_silver":1,"minecraft:ender_pearl":1},"minecraft:killed_by":{"minecraft:wither_skeleton":1,"minecraft:piglin_brute":1,"minecraft:stray":1,"minecraft:iron_golem":2,"iceandfire:gorgon":3,"iceandfire:ice_dragon":1,"iceandfire:fire_dragon":2},"minecraft:dropped":{"minecraft:iron_ingot":5,"iceandfire:raw_silver":1,"minecraft:wheat_seeds":7,"iceandfire:ectoplasm":3,"minecraft:cracked_stone_bricks":3,"minecraft:leather_helmet":1,"minecraft:wooden_axe":1,"minecraft:white_wool":1,"minecraft:gold_ingot":2,"iceandfire:silver_nugget":7,"minecraft:cooked_chicken":1,"minecraft:nether_wart":1,"minecraft:rotten_flesh":1,"minecraft:oak_planks":2,"minecraft:poppy":2,"minecraft:iron_chestplate":1,"iceandfire:pixie_dust":1,"minecraft:wooden_pickaxe":1,"minecraft:netherrack":1},"minecraft:mined":{"minecraft:dark_oak_planks":2,"minecraft:dark_prismarine":7,"iceandfire:silver_ore":1,"minecraft:cobblestone_stairs":1,"minecraft:red_nether_bricks":3,"minecraft:warped_stairs":1,"minecraft:nether_bricks":1,"minecraft:grass_block":11,"biomesoplenty:rose_quartz_block":5,"minecraft:jungle_planks":1,"minecraft:cracked_polished_blackstone_bricks":8,"iceandfire:pixie_house_oak":1,"biomesoplenty:eyebulb":1,"iceandfire:dragon_ice":7,"minecraft:stripped_warped_hyphae":2,"minecraft:cracked_nether_bricks":1,"minecraft:spawner":1,"minecraft:polished_blackstone_bricks":26,"minecraft:magma_block":2,"minecraft:fire":4,"minecraft:acacia_wood":16,"minecraft:gold_block":1,"biomesoplenty:high_grass":45,"iceandfire:gold_pile":22,"minecraft:stone":6,"minecraft:podzol":2,"minecraft:blackstone":21,"minecraft:smoker":1,"minecraft:basalt":1,"minecraft:stone_brick_slab":1,"biomesoplenty:brimstone_fumarole":1,"minecraft:crafting_table":3,"iceandfire:dragon_ice_spikes":1,"minecraft:oak_wood":1,"minecraft:campfire":1,"minecraft:mushroom_stem":1,"biomesoplenty:high_grass_plant":30,"minecraft:tall_grass":4,"biomesoplenty:sprout":1,"minecraft:cyan_bed":2,"minecraft:oak_planks":4,"minecraft:skeleton_skull":1,"minecraft:spruce_stairs":1,"minecraft:cyan_wool":5,"minecraft:cobblestone_wall":1,"biomesoplenty:glowworm_silk_strand":1,"biomesoplenty:large_rose_quartz_bud":1,"minecraft:jungle_fence":1,"minecraft:smooth_stone_slab":1,"minecraft:grass":15,"iceandfire:silver_pile":2,"biomesoplenty:redwood_leaves":23,"minecraft:gravel":3,"minecraft:dirt":10,"minecraft:cracked_stone_bricks":3,"minecraft:stone_bricks":12,"minecraft:netherrack":146,"minecraft:mossy_stone_bricks":3},"minecraft:crafted":{"minecraft:oak_planks":8,"minecraft:cooked_chicken":2,"minecraft:iron_axe":1,"minecraft:golden_helmet":1,"iceandfire:silver_ingot":3,"minecraft:crafting_table":4,"minecraft:wooden_pickaxe":1,"minecraft:cyan_bed":1,"minecraft:air":0,"minecraft:iron_chestplate":1,"minecraft:stick":12,"minecraft:iron_ingot":1,"minecraft:iron_pickaxe":1,"minecraft:wooden_axe":1,"minecraft:gold_ingot":23,"minecraft:acacia_planks":52},"minecraft:used":{"minecraft:flint_and_steel":6,"minecraft:spruce_planks":1,"minecraft:iron_sword":155,"minecraft:cooked_chicken":1,"minecraft:netherrack":124,"minecraft:iron_chestplate":1,"minecraft:dirt":11,"iceandfire:pixie_dust":1,"minecraft:jungle_planks":1,"minecraft:spruce_stairs":1,"bygonenether:wraither_spawn_egg":1,"minecraft:obsidian":26,"biomesoplenty:maple_sapling":1,"minecraft:dark_oak_planks":2,"minecraft:wooden_axe":26,"minecraft:iron_axe":13,"minecraft:iron_boots":1,"minecraft:stone_bricks":3,"minecraft:golden_sword":32,"minecraft:warped_stairs":1,"minecraft:bow":5,"minecraft:cooked_cod":2,"biomesoplenty:rose_quartz_block":2,"minecraft:skeleton_skull":1,"minecraft:acacia_planks":15,"minecraft:mossy_stone_bricks":3,"minecraft:cobblestone_stairs":1,"minecraft:oak_planks":4,"minecraft:stone_pickaxe":109,"minecraft:red_nether_bricks":1,"farmersdelight:golden_knife":2,"minecraft:wooden_pickaxe":15,"iceandfire:pixie_house_oak":1,"minecraft:cracked_stone_bricks":3,"bygonenether:corpor_spawn_egg":1,"minecraft:crafting_table":7,"bygonenether:wither_skeleton_horse_spawn_egg":1,"minecraft:dark_prismarine":2,"minecraft:apple":30,"biomesoplenty:pink_daffodil":1,"minecraft:bread":17,"minecraft:cyan_bed":2,"minecraft:iron_pickaxe":176,"minecraft:cracked_nether_bricks":1,"minecraft:gravel":1,"minecraft:stripped_warped_hyphae":2,"minecraft:fire_charge":1,"minecraft:cobblestone":6,"bygonenether:warped_enderman_spawn_egg":1,"minecraft:smooth_stone_slab":1,"minecraft:splash_potion":1,"minecraft:experience_bottle":100},"minecraft:custom":{"lootr:looted_stat":68,"minecraft:mob_kills":33,"minecraft:interact_with_crafting_table":14,"minecraft:bell_ring":19,"minecraft:leave_game":3,"minecraft:time_since_death":5361,"minecraft:climb_one_cm":5966,"minecraft:sprint_one_cm":168845,"minecraft:walk_one_cm":422958,"minecraft:drop":37,"minecraft:talked_to_villager":1,"minecraft:play_time":164871,"minecraft:deaths":13,"minecraft:sneak_time":4479,"minecraft:walk_under_water_one_cm":12223,"minecraft:jump":2222,"minecraft:walk_on_water_one_cm":8617,"minecraft:total_world_time":164871,"minecraft:interact_with_furnace":4,"minecraft:sleep_in_bed":5,"minecraft:waystone_activated":2,"minecraft:time_since_rest":5387,"minecraft:damage_taken":2147483647,"minecraft:trigger_trapped_chest":8,"minecraft:damage_dealt":9937,"minecraft:swim_one_cm":41691,"minecraft:fly_one_cm":644720,"minecraft:crouch_one_cm":14493,"minecraft:fall_one_cm":62291,"minecraft:horse_one_cm":56338}},"DataVersion":3465}