{"stats":{"minecraft:custom":{"minecraft:jump":162,"minecraft:time_since_rest":47713,"minecraft:damage_dealt":109,"minecraft:leave_game":2,"minecraft:crouch_one_cm":277,"minecraft:play_time":47713,"lootr:looted_stat":15,"minecraft:sprint_one_cm":7437,"minecraft:time_since_death":47713,"minecraft:walk_one_cm":34709,"minecraft:trigger_trapped_chest":6,"minecraft:sneak_time":535,"minecraft:total_world_time":47713,"minecraft:climb_one_cm":1343,"minecraft:fall_one_cm":418,"minecraft:fly_one_cm":289737},"minecraft:used":{"bygonenether:wraither_spawn_egg":1,"bygonenether:corpor_spawn_egg":1,"bygonenether:wither_skeleton_horse_spawn_egg":1,"minecraft:flint_and_steel":6,"minecraft:obsidian":22,"minecraft:experience_bottle":64,"bygonenether:warped_enderman_spawn_egg":1}},"DataVersion":3465}