{"stats":{"minecraft:broken":{"minecraft:iron_axe":1,"minecraft:iron_pickaxe":1},"minecraft:mined":{"minecraft:dark_oak_planks":16,"regions_unexplored:green_bioshroom":1,"minecraft:spruce_planks":1,"minecraft:white_bed":1,"minecraft:farmland":1,"regions_unexplored:barley":1,"minecraft:jungle_slab":1,"minecraft:jungle_leaves":16,"minecraft:allium":1,"minecraft:grass_block":10,"minecraft:jungle_planks":2,"regions_unexplored:poppy_bush":2,"minecraft:jungle_log":25,"regions_unexplored:white_trillium":2,"minecraft:oxeye_daisy":1,"regions_unexplored:cherry_log":136,"minecraft:hay_block":3,"minecraft:furnace":3,"minecraft:carrots":10,"minecraft:iron_ore":26,"minecraft:suspicious_sand":1,"minecraft:red_tulip":1,"regions_unexplored:pink_cherry_leaves":79,"minecraft:vine":2,"minecraft:deepslate_iron_ore":4,"minecraft:bamboo":2,"regions_unexplored:cherry_planks":35,"regions_unexplored:chalk":6,"minecraft:white_tulip":1,"minecraft:stone":374,"regions_unexplored:chalk_grass_block":1,"lootr:lootr_chest":1,"regions_unexplored:white_cherry_leaves":1,"minecraft:crafting_table":4,"minecraft:torch":11,"minecraft:jungle_stairs":1,"minecraft:chest":2,"minecraft:copper_ore":2,"minecraft:cobblestone":8,"minecraft:cyan_bed":1,"regions_unexplored:daisy":2,"minecraft:diorite":1,"minecraft:wall_torch":6,"regions_unexplored:hyssop":2,"minecraft:jungle_wood":18,"minecraft:grass":4,"minecraft:coal_ore":53,"regions_unexplored:red_cherry_leaves":117,"regions_unexplored:tall_red_cherry_sapling":1,"minecraft:gravel":7,"minecraft:sand":40,"minecraft:dirt":9,"minecraft:gold_ore":1,"minecraft:oak_leaves":1,"regions_unexplored:fireweed":1},"minecraft:dropped":{"minecraft:bread":4,"minecraft:wheat_seeds":1,"minecraft:glass_bottle":1,"minecraft:feather":9,"minecraft:cobblestone":73,"minecraft:dirt":1},"minecraft:killed":{"minecraft:chicken":1,"minecraft:drowned":1,"minecraft:husk":1,"minecraft:pig":2,"minecraft:zombie":1,"minecraft:enderman":1,"minecraft:cow":1},"minecraft:used":{"minecraft:iron_shovel":32,"minecraft:white_tulip":1,"minecraft:chest":7,"minecraft:spruce_planks":2,"minecraft:iron_sword":41,"lootr:trophy":1,"minecraft:jungle_hanging_sign":6,"minecraft:quartz_stairs":8,"minecraft:torch":56,"minecraft:dirt":16,"minecraft:jungle_planks":5,"minecraft:carrot":37,"minecraft:allium":1,"minecraft:spruce_fence":8,"regions_unexplored:hyssop":1,"regions_unexplored:red_cherry_sapling":16,"regions_unexplored:daisy":2,"minecraft:sea_lantern":1,"minecraft:quartz_pillar":20,"minecraft:red_tulip":1,"minecraft:lantern":2,"minecraft:iron_axe":409,"minecraft:quartz_block":35,"regions_unexplored:poppy_bush":2,"waystones:green_sharestone":2,"minecraft:furnace":6,"regions_unexplored:white_trillium":2,"minecraft:diorite":1,"regions_unexplored:green_bioshroom":1,"regions_unexplored:chalk":7,"regions_unexplored:cherry_planks":515,"minecraft:jungle_wood":2,"regions_unexplored:pink_cherry_sapling":6,"minecraft:crafting_table":5,"minecraft:white_bed":1,"regions_unexplored:fireweed":1,"minecraft:apple":2,"minecraft:oxeye_daisy":1,"regions_unexplored:tall_red_cherry_sapling":1,"minecraft:bread":10,"minecraft:cyan_bed":1,"minecraft:barrier":53,"minecraft:iron_pickaxe":495,"regions_unexplored:tall_white_cherry_sapling":1,"minecraft:gravel":4,"minecraft:fishing_rod":4,"minecraft:potion":1,"minecraft:cobblestone":230,"minecraft:chain":2},"minecraft:custom":{"lootr:looted_stat":29,"minecraft:mob_kills":9,"minecraft:interact_with_crafting_table":14,"minecraft:leave_game":3,"minecraft:time_since_death":132448,"minecraft:climb_one_cm":2584,"minecraft:sprint_one_cm":110897,"minecraft:walk_one_cm":315410,"minecraft:drop":7,"minecraft:talked_to_villager":1,"minecraft:play_time":132448,"minecraft:sneak_time":5254,"minecraft:walk_under_water_one_cm":18905,"minecraft:jump":1797,"minecraft:walk_on_water_one_cm":7243,"minecraft:total_world_time":132448,"minecraft:interact_with_furnace":37,"minecraft:interact_with_cartography_table":1,"minecraft:tune_noteblock":9,"minecraft:sleep_in_bed":7,"minecraft:time_since_rest":876,"minecraft:damage_taken":1147,"minecraft:damage_dealt":2295,"minecraft:swim_one_cm":51715,"minecraft:fly_one_cm":454031,"minecraft:open_chest":37,"minecraft:crouch_one_cm":11548,"minecraft:fish_caught":2,"minecraft:fall_one_cm":55816},"minecraft:picked_up":{"regions_unexplored:cherry_log":131,"minecraft:crafting_table":4,"minecraft:allium":1,"minecraft:chicken":1,"regions_unexplored:white_trillium":2,"regions_unexplored:pink_cherry_sapling":6,"regions_unexplored:poppy_bush":2,"minecraft:raw_copper":4,"minecraft:spruce_planks":1,"minecraft:beef":3,"minecraft:white_tulip":1,"minecraft:chest":3,"minecraft:egg":1,"minecraft:furnace":3,"minecraft:stick":21,"minecraft:raw_iron":31,"minecraft:torch":54,"minecraft:porkchop":4,"minecraft:diorite":1,"minecraft:carrot":38,"regions_unexplored:cherry_planks":35,"regions_unexplored:daisy":2,"minecraft:dark_oak_planks":14,"regions_unexplored:tall_red_cherry_sapling":1,"minecraft:rotten_flesh":5,"regions_unexplored:green_bioshroom":1,"minecraft:hay_block":3,"minecraft:red_tulip":1,"minecraft:cod":2,"minecraft:white_wool":3,"minecraft:cobblestone":454,"minecraft:oxeye_daisy":1,"minecraft:feather":2,"minecraft:jungle_log":23,"minecraft:leather":2,"minecraft:jungle_wood":18,"minecraft:flint":2,"minecraft:dirt":20,"regions_unexplored:tall_white_cherry_sapling":1,"minecraft:leather_boots":1,"minecraft:apple":2,"minecraft:wheat_seeds":1,"minecraft:raw_gold":1,"minecraft:iron_ingot":2,"regions_unexplored:red_cherry_sapling":16,"minecraft:bamboo":1,"minecraft:gravel":4,"minecraft:sand":37,"minecraft:jungle_planks":2,"minecraft:white_bed":1,"regions_unexplored:chalk":7,"minecraft:cyan_bed":1,"minecraft:jungle_slab":1,"regions_unexplored:hyssop":1,"regions_unexplored:fireweed":1,"minecraft:bread":4,"minecraft:coal":80,"minecraft:ender_pearl":1},"minecraft:crafted":{"minecraft:furnace":3,"minecraft:glass":37,"minecraft:iron_axe":2,"minecraft:chest":4,"regions_unexplored:cherry_planks":524,"minecraft:crafting_table":2,"travelersbackpack:backpack_tank":2,"minecraft:air":0,"minecraft:jungle_planks":104,"minecraft:iron_chestplate":1,"minecraft:stick":16,"minecraft:iron_ingot":162,"minecraft:iron_pickaxe":3,"minecraft:white_bed":1,"minecraft:torch":24,"minecraft:shears":1}},"DataVersion":3463}