{"stats":{"minecraft:picked_up":{"blue_skies:fox_pelt":1,"blue_skies:azulfo_horn":2,"minecraft:sweet_berries":3,"blue_skies:carabeef":3},"minecraft:custom":{"minecraft:time_since_rest":15945,"minecraft:crouch_one_cm":156,"minecraft:play_time":15945,"minecraft:sprint_one_cm":1884,"minecraft:walk_one_cm":18475,"minecraft:sneak_time":730,"minecraft:walk_under_water_one_cm":3607,"minecraft:mob_kills":11,"minecraft:jump":59,"minecraft:damage_dealt":2440,"minecraft:leave_game":2,"minecraft:time_since_death":15945,"minecraft:walk_on_water_one_cm":2851,"minecraft:total_world_time":15945,"minecraft:fly_one_cm":334166},"minecraft:killed":{"blue_skies:azulfo":1,"blue_skies:cosmic_fox":1,"blue_skies:whistleshell_crab":4,"bygonenether:wex":1,"blue_skies:sliv":1,"bygonenether:piglin_hunter":1,"bygonenether:warped_enderman":1,"bygonenether:piglin_prisoner":1},"minecraft:used":{"bygonenether:piglin_hunter_spawn_egg":1,"blue_skies:different_sword":6,"bygonenether:piglin_prisoner_spawn_egg":1,"blue_skies:venom_sac":3,"blue_skies:everbright_portal":2,"blue_skies:sliv_spawn_egg":1,"blue_skies:everdawn_portal":4,"bygonenether:warped_enderman_spawn_egg":1,"twilightforest:fiery_sword":22,"blue_skies:whistleshell_crab_spawn_egg":1,"minecraft:grass_block":7,"blue_skies:horizonite_sword":1,"bygonenether:wex_spawn_egg":1}},"DataVersion":3465}