{"stats":{"minecraft:killed_by":{"minecraft:player":1,"minecraft:zombified_piglin":1,"minecraft:piglin_brute":1,"iceandfire:gorgon":2,"minecraft:skeleton":1},"minecraft:broken":{"minecraft:iron_boots":1,"minecraft:iron_chestplate":1,"minecraft:iron_leggings":1},"minecraft:custom":{"lootr:looted_stat":59,"minecraft:mob_kills":57,"minecraft:interact_with_crafting_table":32,"minecraft:bell_ring":3,"minecraft:leave_game":10,"minecraft:time_since_death":1973,"minecraft:climb_one_cm":5289,"minecraft:sprint_one_cm":304239,"minecraft:walk_one_cm":268081,"minecraft:damage_blocked_by_shield":95,"minecraft:drop":54,"minecraft:talked_to_villager":1,"minecraft:play_time":111752,"minecraft:deaths":7,"minecraft:sneak_time":692,"minecraft:walk_under_water_one_cm":11887,"minecraft:jump":1453,"minecraft:walk_on_water_one_cm":7587,"minecraft:total_world_time":111752,"minecraft:interact_with_furnace":21,"minecraft:sleep_in_bed":2,"minecraft:time_since_rest":2003,"minecraft:waystone_activated":2,"minecraft:damage_taken":2147483647,"minecraft:trigger_trapped_chest":3,"minecraft:damage_dealt":8974,"minecraft:swim_one_cm":54545,"minecraft:fly_one_cm":264618,"minecraft:crouch_one_cm":2093,"minecraft:fall_one_cm":39060},"minecraft:dropped":{"minecraft:water_bucket":2,"minecraft:bread":21,"minecraft:iron_ingot":9,"minecraft:porkchop":2,"minecraft:wheat_seeds":6,"biomesoplenty:pink_daffodil":6,"minecraft:crafting_table":1,"minecraft:cobblestone":1,"minecraft:leather":4,"iceandfire:gorgon_head":1,"minecraft:saddle":1,"minecraft:dirt":1,"minecraft:cooked_cod":2,"minecraft:gold_nugget":4,"minecraft:pumpkin_pie":1,"minecraft:gravel":13,"iceandfire:silver_nugget":16,"minecraft:blackstone":14,"minecraft:iron_nugget":34,"minecraft:filled_map":2,"iceandfire:dragon_ice":4,"minecraft:cyan_wool":1,"minecraft:spruce_planks":3,"minecraft:skeleton_skull":1,"minecraft:spider_eye":1,"minecraft:bow":1,"minecraft:stone_pickaxe":1,"minecraft:netherrack":1},"minecraft:used":{"minecraft:flint_and_steel":2,"minecraft:shield":3,"minecraft:iron_sword":203,"minecraft:cooked_chicken":2,"minecraft:netherrack":6,"iceandfire:pixie_dust":1,"minecraft:azure_bluet":1,"minecraft:obsidian":1,"minecraft:wooden_axe":8,"minecraft:stone_bricks":1,"minecraft:bow":6,"minecraft:furnace":3,"minecraft:cooked_cod":5,"minecraft:acacia_wood":1,"minecraft:cooked_mutton":4,"minecraft:stone_pickaxe":21,"minecraft:oak_planks":5,"minecraft:wooden_pickaxe":16,"minecraft:crafting_table":12,"minecraft:white_bed":3,"minecraft:apple":6,"biomesoplenty:pink_daffodil":1,"minecraft:bread":38,"minecraft:iron_pickaxe":70,"minecraft:lectern":1,"minecraft:gravel":1,"minecraft:stone_axe":68,"minecraft:fire_charge":2,"minecraft:cobblestone":22,"minecraft:bone_meal":1},"minecraft:crafted":{"minecraft:oak_planks":44,"minecraft:cooked_chicken":1,"minecraft:furnace":1,"minecraft:cooked_mutton":4,"minecraft:stone_pickaxe":1,"minecraft:golden_helmet":1,"minecraft:wheat":243,"minecraft:cooked_cod":7,"iceandfire:silver_ingot":15,"minecraft:crafting_table":3,"minecraft:wooden_pickaxe":1,"minecraft:baked_potato":6,"minecraft:stone_axe":1,"minecraft:bread":81,"minecraft:air":0,"minecraft:shield":1,"minecraft:stick":12,"minecraft:iron_ingot":2,"minecraft:iron_pickaxe":1,"minecraft:wooden_axe":1,"minecraft:gold_ingot":6,"minecraft:white_bed":1,"minecraft:acacia_planks":16},"minecraft:picked_up":{"minecraft:crafting_table":13,"minecraft:iron_chestplate":1,"minecraft:azure_bluet":1,"iceandfire:witherbone":1,"minecraft:chicken":2,"minecraft:potion":2,"minecraft:enchanted_book":1,"minecraft:diamond_horse_armor":1,"minecraft:nether_brick":4,"minecraft:string":4,"minecraft:red_bed":1,"minecraft:flint_and_steel":1,"minecraft:blackstone":14,"minecraft:gold_nugget":103,"minecraft:spruce_planks":3,"minecraft:cyan_wool":1,"minecraft:iron_nugget":29,"minecraft:lectern":1,"minecraft:furnace":4,"iceandfire:pixie_dust":1,"minecraft:tipped_arrow":2,"minecraft:raw_iron":6,"bygonenether:cobbled_blackstone":3,"minecraft:fire_charge":2,"minecraft:porkchop":4,"minecraft:arrow":30,"minecraft:cooked_cod":5,"minecraft:hay_block":27,"minecraft:gold_ingot":5,"minecraft:blaze_rod":8,"minecraft:obsidian":6,"minecraft:mutton":4,"minecraft:cod":7,"minecraft:skeleton_skull":1,"minecraft:white_wool":3,"minecraft:cobblestone":38,"minecraft:feather":4,"minecraft:water_bucket":1,"minecraft:leather":4,"minecraft:acacia_wood":9,"minecraft:filled_map":1,"minecraft:flint":1,"iceandfire:ectoplasm":3,"minecraft:dirt":2,"minecraft:bone":31,"minecraft:apple":7,"minecraft:stone_bricks":1,"minecraft:bow":2,"minecraft:wheat_seeds":6,"minecraft:iron_ingot":21,"minecraft:stone_pickaxe":1,"minecraft:cooked_chicken":2,"minecraft:iron_sword":2,"minecraft:oak_planks":49,"minecraft:gravel":14,"minecraft:white_bed":3,"minecraft:spider_eye":1,"minecraft:dark_prismarine":2,"minecraft:oak_wood":11,"minecraft:diamond":3,"minecraft:stone_axe":1,"iceandfire:dragon_ice":4,"minecraft:cracked_polished_blackstone_bricks":1,"minecraft:bone_meal":1,"minecraft:emerald":4,"iceandfire:gorgon_head":1,"biomesoplenty:pink_daffodil":7,"minecraft:netherrack":24,"iceandfire:silver_nugget":143,"minecraft:coal":34},"minecraft:killed":{"iceandfire:gorgon":1,"minecraft:spider":2,"minecraft:cod":7,"minecraft:skeleton":11,"minecraft:chicken":2,"minecraft:piglin_brute":10,"minecraft:pig":1,"minecraft:sheep":3,"minecraft:zombie":1,"iceandfire:ghost":3,"minecraft:stray":2,"minecraft:wither_skeleton":3,"minecraft:blaze":10},"minecraft:mined":{"minecraft:dark_prismarine":2,"minecraft:white_bed":2,"minecraft:cracked_polished_blackstone_bricks":1,"minecraft:red_mushroom":1,"minecraft:hay_block":27,"minecraft:furnace":3,"minecraft:iron_ore":3,"minecraft:fire":6,"minecraft:acacia_wood":7,"minecraft:azure_bluet":1,"minecraft:vine":1,"minecraft:stone":33,"minecraft:red_bed":1,"minecraft:blackstone":3,"minecraft:crafting_table":12,"minecraft:oak_wood":12,"minecraft:lectern":1,"biomesoplenty:high_grass_plant":1,"minecraft:cobblestone":2,"minecraft:oak_planks":1,"minecraft:skeleton_skull":1,"minecraft:grass":11,"biomesoplenty:clover":4,"minecraft:coal_ore":25,"iceandfire:silver_pile":14,"minecraft:netherrack":21,"minecraft:fern":1}},"DataVersion":3465}