{
  "minecraft:recipes/decorations/crafting_table": {
    "criteria": {
      "unlock_right_away": "2024-08-22 14:37:06 +0000"
    },
    "done": true
  },
  "mowziesmobs:root": {
    "criteria": {
      "custom_test_name": "2024-08-22 14:37:06 +0000"
    },
    "done": true
  },
  "iceandfire:iceandfire/root": {
    "criteria": {
      "tick": "2024-08-22 14:37:06 +0000"
    },
    "done": true
  },
  "dungeons_arise:wda_root": {
    "criteria": {
      "WDA": "2024-08-22 14:37:06 +0000"
    },
    "done": true
  },
  "betterdungeons:root": {
    "criteria": {
      "always": "2024-08-22 14:37:06 +0000"
    },
    "done": true
  },
  "lootr:root": {
    "criteria": {
      "always_true": "2024-08-22 14:37:06 +0000"
    },
    "done": true
  },
  "cataclysm:root": {
    "criteria": {
      "custom_test_name": "2024-08-22 14:37:06 +0000"
    },
    "done": true
  },
  "minecraft:adventure/adventuring_time": {
    "criteria": {
      "minecraft:river": "2024-08-22 14:38:38 +0000",
      "minecraft:old_growth_birch_forest": "2024-08-22 14:42:23 +0000",
      "minecraft:savanna": "2024-08-22 14:37:09 +0000"
    },
    "done": false
  },
  "biomesoplenty:biomesoplenty/root": {
    "criteria": {
      "scrubland": "2024-08-22 14:38:49 +0000"
    },
    "done": true
  },
  "biomesoplenty:biomesoplenty/all_biomes": {
    "criteria": {
      "woodland": "2024-08-22 14:38:59 +0000",
      "shrubland": "2024-08-22 14:39:52 +0000",
      "rocky_shrubland": "2024-08-22 14:40:13 +0000",
      "scrubland": "2024-08-22 14:38:49 +0000",
      "highland": "2024-08-22 14:40:16 +0000",
      "clover_patch": "2024-08-22 14:42:10 +0000",
      "old_growth_woodland": "2024-08-22 14:39:09 +0000",
      "orchard": "2024-08-22 14:40:30 +0000",
      "lavender_forest": "2024-08-22 14:53:04 +0000",
      "moor": "2024-08-22 14:42:50 +0000",
      "mediterranean_forest": "2024-08-22 14:53:13 +0000",
      "visceral_heap": "2024-08-22 15:18:11 +0000",
      "grassland": "2024-08-22 14:42:49 +0000",
      "undergrowth": "2024-08-22 15:20:13 +0000"
    },
    "done": false
  },
  "dungeons_arise:find_abandoned_temple": {
    "criteria": {
      "location0": "2024-08-22 14:40:17 +0000"
    },
    "done": true
  },
  "lootr:social": {
    "criteria": {
      "opened_barrel": "2024-08-22 15:21:05 +0000",
      "opened_chest": "2024-08-22 14:40:41 +0000"
    },
    "done": false
  },
  "lootr:1chest": {
    "criteria": {
      "opened_chest": "2024-08-22 14:40:41 +0000"
    },
    "done": true
  },
  "farmersdelight:main/root": {
    "criteria": {
      "seeds": "2024-08-22 14:58:35 +0000"
    },
    "done": true
  },
  "minecraft:nether/explore_nether": {
    "criteria": {
      "minecraft:crimson_forest": "2024-08-22 15:20:12 +0000",
      "minecraft:nether_wastes": "2024-08-22 15:18:56 +0000",
      "minecraft:warped_forest": "2024-08-22 15:19:27 +0000"
    },
    "done": false
  },
  "minecraft:recipes/decorations/chest": {
    "criteria": {
      "has_lots_of_items": "2024-08-22 15:19:45 +0000"
    },
    "done": true
  },
  "lootr:1barrel": {
    "criteria": {
      "opened_barrel": "2024-08-22 15:21:05 +0000"
    },
    "done": true
  },
  "minecraft:story/form_obsidian": {
    "criteria": {
      "obsidian": "2024-08-22 15:17:36 +0000"
    },
    "done": true
  },
  "bygonenether:root": {
    "criteria": {
      "entered_nether": "2024-08-22 15:18:11 +0000"
    },
    "done": true
  },
  "minecraft:nether/find_fortress": {
    "criteria": {
      "in_better_fortress": "2024-08-22 15:18:56 +0000"
    },
    "done": true
  },
  "minecraft:story/enter_the_nether": {
    "criteria": {
      "entered_nether": "2024-08-22 15:18:11 +0000"
    },
    "done": true
  },
  "minecraft:nether/root": {
    "criteria": {
      "entered_nether": "2024-08-22 15:18:11 +0000"
    },
    "done": true
  },
  "minecraft:recipes/tools/flint_and_steel": {
    "criteria": {
      "has_obsidian": "2024-08-22 15:17:36 +0000"
    },
    "done": true
  },
  "lootr:10loot": {
    "criteria": {
      "loot_stat": "2024-08-22 15:21:10 +0000"
    },
    "done": true
  },
  "minecraft:recipes/decorations/enchanting_table": {
    "criteria": {
      "has_obsidian": "2024-08-22 15:17:36 +0000"
    },
    "done": true
  },
  "DataVersion": 3465
}