{
  "minecraft:recipes/decorations/crafting_table": {
    "criteria": {
      "unlock_right_away": "2024-08-22 13:46:43 +0000"
    },
    "done": true
  },
  "mowziesmobs:root": {
    "criteria": {
      "custom_test_name": "2024-08-22 13:46:43 +0000"
    },
    "done": true
  },
  "iceandfire:iceandfire/root": {
    "criteria": {
      "tick": "2024-08-22 13:46:43 +0000"
    },
    "done": true
  },
  "dungeons_arise:wda_root": {
    "criteria": {
      "WDA": "2024-08-22 13:46:43 +0000"
    },
    "done": true
  },
  "betterdungeons:root": {
    "criteria": {
      "always": "2024-08-22 13:46:43 +0000"
    },
    "done": true
  },
  "lootr:root": {
    "criteria": {
      "always_true": "2024-08-22 13:46:43 +0000"
    },
    "done": true
  },
  "cataclysm:root": {
    "criteria": {
      "custom_test_name": "2024-08-22 13:46:43 +0000"
    },
    "done": true
  },
  "minecraft:adventure/adventuring_time": {
    "criteria": {
      "minecraft:old_growth_pine_taiga": "2024-08-22 13:46:45 +0000",
      "minecraft:frozen_river": "2024-08-22 13:49:10 +0000",
      "minecraft:river": "2024-08-22 13:47:41 +0000"
    },
    "done": false
  },
  "farmersdelight:main/root": {
    "criteria": {
      "seeds": "2024-08-22 13:47:49 +0000"
    },
    "done": true
  },
  "handcrafted:recipes/misc/berry_jam_jar": {
    "criteria": {
      "has_berry_jam_jar": "2024-08-22 13:47:55 +0000"
    },
    "done": true
  },
  "farmersdelight:recipes/food/sweet_berry_cookie": {
    "criteria": {
      "has_sweet_berries": "2024-08-22 13:47:55 +0000"
    },
    "done": true
  },
  "blue_skies:root": {
    "criteria": {
      "enter_everbright": "2024-08-22 13:48:01 +0000"
    },
    "done": true
  },
  "blue_skies:everbright/enter": {
    "criteria": {
      "enter_everbright": "2024-08-22 13:48:01 +0000"
    },
    "done": true
  },
  "blue_skies:thinking_with_portals": {
    "criteria": {
      "enter_everbright": "2024-08-22 13:48:01 +0000",
      "enter_everdawn": "2024-08-22 13:48:23 +0000"
    },
    "done": true
  },
  "blue_skies:everdawn/enter": {
    "criteria": {
      "enter_everdawn": "2024-08-22 13:48:23 +0000"
    },
    "done": true
  },
  "biomesoplenty:biomesoplenty/root": {
    "criteria": {
      "snowy_maple_woods": "2024-08-22 13:49:13 +0000"
    },
    "done": true
  },
  "biomesoplenty:biomesoplenty/all_biomes": {
    "criteria": {
      "snowy_fir_clearing": "2024-08-22 14:02:32 +0000",
      "snowy_maple_woods": "2024-08-22 13:49:13 +0000"
    },
    "done": false
  },
  "blue_skies:recipes/misc/horizonite_nugget_from_blasting_horizonite_sword": {
    "criteria": {
      "has_item": "2024-08-22 13:56:49 +0000"
    },
    "done": true
  },
  "blue_skies:recipes/misc/camel_saddle_with_iron": {
    "criteria": {
      "has_item": "2024-08-22 14:02:19 +0000"
    },
    "done": true
  },
  "blue_skies:recipes/misc/horizonite_nugget_from_blasting_horizonite_axe": {
    "criteria": {
      "has_item": "2024-08-22 13:56:30 +0000"
    },
    "done": true
  },
  "biomesoplenty:recipes/transportation/willow_boat": {
    "criteria": {
      "in_water": "2024-08-22 13:57:26 +0000"
    },
    "done": true
  },
  "minecraft:recipes/transportation/cherry_boat": {
    "criteria": {
      "in_water": "2024-08-22 13:57:26 +0000"
    },
    "done": true
  },
  "blue_skies:recipes/building_blocks/snowcap_mushroom_block": {
    "criteria": {
      "has_item": "2024-08-22 13:55:34 +0000"
    },
    "done": true
  },
  "biomesoplenty:recipes/transportation/umbran_boat": {
    "criteria": {
      "in_water": "2024-08-22 13:57:26 +0000"
    },
    "done": true
  },
  "minecraft:recipes/transportation/bamboo_raft": {
    "criteria": {
      "in_water": "2024-08-22 13:57:26 +0000"
    },
    "done": true
  },
  "blue_skies:recipes/building_blocks/bag_of_spoils": {
    "criteria": {
      "has_item": "2024-08-22 14:02:19 +0000"
    },
    "done": true
  },
  "biomesoplenty:recipes/transportation/dead_boat": {
    "criteria": {
      "in_water": "2024-08-22 13:57:26 +0000"
    },
    "done": true
  },
  "biomesoplenty:recipes/transportation/magic_boat": {
    "criteria": {
      "in_water": "2024-08-22 13:57:26 +0000"
    },
    "done": true
  },
  "twilightforest:fiery_set": {
    "criteria": {
      "fiery_sword": "2024-08-22 14:01:07 +0000"
    },
    "done": false
  },
  "blue_skies:recipes/misc/horizonite_nugget_from_smelting_horizonite_sword": {
    "criteria": {
      "has_item": "2024-08-22 13:56:49 +0000"
    },
    "done": true
  },
  "minecraft:recipes/transportation/acacia_boat": {
    "criteria": {
      "in_water": "2024-08-22 13:57:26 +0000"
    },
    "done": true
  },
  "minecraft:adventure/root": {
    "criteria": {
      "killed_something": "2024-08-22 13:57:14 +0000"
    },
    "done": true
  },
  "blue_skies:recipes/misc/bone_meal_from_azulfo": {
    "criteria": {
      "has_item": "2024-08-22 13:58:22 +0000"
    },
    "done": true
  },
  "minecraft:recipes/transportation/jungle_boat": {
    "criteria": {
      "in_water": "2024-08-22 13:57:26 +0000"
    },
    "done": true
  },
  "twilightforest:recipes/transportation/twilight_oak_boat": {
    "criteria": {
      "in_water": "2024-08-22 13:57:26 +0000"
    },
    "done": true
  },
  "twilightforest:recipes/transportation/time_boat": {
    "criteria": {
      "in_water": "2024-08-22 13:57:26 +0000"
    },
    "done": true
  },
  "twilightforest:recipes/transportation/mining_boat": {
    "criteria": {
      "in_water": "2024-08-22 13:57:26 +0000"
    },
    "done": true
  },
  "blue_skies:everdawn/think_different": {
    "criteria": {
      "have_sword": "2024-08-22 13:56:58 +0000"
    },
    "done": true
  },
  "blue_skies:recipes/misc/camel_saddle_with_ventium": {
    "criteria": {
      "has_item": "2024-08-22 14:02:19 +0000"
    },
    "done": true
  },
  "blue_skies:recipes/misc/horizonite_nugget_from_smelting_horizonite_axe": {
    "criteria": {
      "has_item": "2024-08-22 13:56:30 +0000"
    },
    "done": true
  },
  "twilightforest:recipes/transportation/mangrove_boat": {
    "criteria": {
      "in_water": "2024-08-22 13:57:26 +0000"
    },
    "done": true
  },
  "biomesoplenty:recipes/transportation/fir_boat": {
    "criteria": {
      "in_water": "2024-08-22 13:57:26 +0000"
    },
    "done": true
  },
  "twilightforest:recipes/transportation/transformation_boat": {
    "criteria": {
      "in_water": "2024-08-22 13:57:26 +0000"
    },
    "done": true
  },
  "minecraft:recipes/transportation/spruce_boat": {
    "criteria": {
      "in_water": "2024-08-22 13:57:26 +0000"
    },
    "done": true
  },
  "minecraft:recipes/transportation/birch_boat": {
    "criteria": {
      "in_water": "2024-08-22 13:57:26 +0000"
    },
    "done": true
  },
  "blue_skies:recipes/food/cooked_carabeef_from_campfire_cooking_carabeef": {
    "criteria": {
      "has_item": "2024-08-22 13:58:22 +0000"
    },
    "done": true
  },
  "minecraft:recipes/transportation/oak_boat": {
    "criteria": {
      "in_water": "2024-08-22 13:57:26 +0000"
    },
    "done": true
  },
  "biomesoplenty:recipes/transportation/redwood_boat": {
    "criteria": {
      "in_water": "2024-08-22 13:57:26 +0000"
    },
    "done": true
  },
  "minecraft:recipes/transportation/mangrove_boat": {
    "criteria": {
      "in_water": "2024-08-22 13:57:26 +0000"
    },
    "done": true
  },
  "blue_skies:recipes/food/cooked_carabeef_from_smoking_carabeef": {
    "criteria": {
      "has_item": "2024-08-22 13:58:22 +0000"
    },
    "done": true
  },
  "biomesoplenty:recipes/transportation/hellbark_boat": {
    "criteria": {
      "in_water": "2024-08-22 13:57:26 +0000"
    },
    "done": true
  },
  "biomesoplenty:recipes/transportation/jacaranda_boat": {
    "criteria": {
      "in_water": "2024-08-22 13:57:26 +0000"
    },
    "done": true
  },
  "twilightforest:recipes/transportation/canopy_boat": {
    "criteria": {
      "in_water": "2024-08-22 13:57:26 +0000"
    },
    "done": true
  },
  "biomesoplenty:recipes/transportation/mahogany_boat": {
    "criteria": {
      "in_water": "2024-08-22 13:57:26 +0000"
    },
    "done": true
  },
  "twilightforest:recipes/transportation/dark_boat": {
    "criteria": {
      "in_water": "2024-08-22 13:57:26 +0000"
    },
    "done": true
  },
  "biomesoplenty:recipes/transportation/palm_boat": {
    "criteria": {
      "in_water": "2024-08-22 13:57:26 +0000"
    },
    "done": true
  },
  "twilightforest:recipes/transportation/sorting_boat": {
    "criteria": {
      "in_water": "2024-08-22 13:57:26 +0000"
    },
    "done": true
  },
  "blue_skies:recipes/food/cooked_carabeef_from_smelting_carabeef": {
    "criteria": {
      "has_item": "2024-08-22 13:58:22 +0000"
    },
    "done": true
  },
  "minecraft:recipes/transportation/dark_oak_boat": {
    "criteria": {
      "in_water": "2024-08-22 13:57:26 +0000"
    },
    "done": true
  },
  "DataVersion": 3465
}